5f5b811a41ce407fbe6898c3fbc8801b,Brooklyn Beckham et sa femme Nicola Peltz continuent √† vivre la dolce vita √† Saint-Tropez,"Les vacances continuent pour les Beckham. Brooklyn et sa femme Nicola Peltz ont √©t√© aper√ßus en pleine s√©ance shopping dans les rues de Saint-Tropez ce mardi 15 juillet. 
Les tourtereaux, d√©j√† aper√ßus descendant de leur yacht il y a une semaine, semblent profiter de la douceur du climat varois, tand","Les vacances continuent pour les Beckham. Brooklyn et sa femme Nicola Peltz ont √©t√© aper√ßus en pleine s√©ance shopping dans les rues de Saint-Tropez ce mardi 15 juillet.
Les tourtereaux, d√©j√† aper√ßus descendant de leur yacht il y a une semaine, semble... [750 chars]",https://www.varmatin.com/people/brooklyn-beckham-et-sa-femme-nicola-peltz-continuent-a-vivre-la-dolce-vita-a-saint-tropez-994650,https://fyooyzbm.filerobot.com/v7/BESTIMAGE_00715834_000006+%281%29-FVY3B5ez.jpg?vh=62909c&ci_seal=adacccdfc3,2025-07-17T14:40:00Z,Var-Matin,https://www.varmatin.com,article
751f3c368b1f812b6dcd550e65c6dd79,Les actions indiennes stagnent dans un climat d'incertitude autour de Powell ; Tech Mahindra recule,"Les march√©s boursiers indiens sont rest√©s atones jeudi, √† l'image des autres places asiatiques, alors que l'incertitude entourant le maintien de Jerome Powell √† la t√™te de la R√©serve f√©d√©rale...
-Le 17 juillet 2025 √† 04:45
- Zonebourse","Publi√© le 17/07/2025 √† 04:45 - Modifi√© le 17/07/2025 √† 10:14
Les march√©s boursiers indiens sont rest√©s atones jeudi, √† l'image des autres places asiatiques, alors que l'incertitude entourant le maintien de Jerome Powell √† la t√™te de la R√©serve f√©d√©ra... [2384 chars]",https://www.zonebourse.com/cours/indice/NIFTY-50-9743680/actualite/Les-actions-indiennes-stagnent-dans-un-climat-d-incertitude-autour-de-Powell-Tech-Mahindra-recule-50529601/,https://cdn.zonebourse.com/static/resize/0/0//images/reuters/2025-05/2025-05-07T044014Z_1_LYNXMPEL4604L_RTROPTP_4_INDIA-STOCKS-FLOWS.JPG,2025-07-17T08:14:00Z,Zonebourse.com,https://www.zonebourse.com,article
,"Ce qu‚Äôannonce M√©t√©o France pour 2030, 2050, 2100 : un pays que vous ne reconna√Ætrez plus","Le risque d‚Äôincendies √©volue d‚Äôann√©e¬†en ann√©e¬†avec la modification du climat. La moiti√© sud de la France n‚Äôest d√©sormais plus la seule concern√©e par cette menace¬†: quelles seront les r√©gions touch√©es dans un futur proche, et plus lointain¬†?","Ces derniers jours, le risque de feux de for√™ts √©tait non seulement √©lev√© sur le pourtour m√©diterran√©en, mais aussi sur le centre et le nord-ouest du pays. La situation est malheureusement classique ‚Ä¶ [+2367 chars]",https://www.futura-sciences.com/planete/actualites/incendie-ce-quannonce-meteo-france-2030-2050-2100-pays-vous-ne-reconnaitrez-plus-123845/,https://cdn.futura-sciences.com/buildsv6/images/largeoriginal/0/e/3/0e3265c482_50234095_feux-pompiers.jpg,2025-07-17T11:14:24Z,Futura,,article
,"Les √©lections municipales au Togo, un test pour le pouvoir en place","Ce 17¬†juillet, plus de 3¬†millions d‚Äô√©lecteurs doivent renouveler leurs √©lus municipaux. Ces √©lections locales interviennent dans un climat tendu, le pays ayant connu en juin une vague de manifestations r√©clamant le d√©part de Faure Gnassingb√©, dont la famille ‚Ä¶","Ce jeudi 17¬†juillet 2025 est jour de vote au Togo. Lom√©, la capitale, √† linstar des villes de lint√©rieur, dans lattente des √©lections [municipales], respire la qui√©tude, loin des craintes dagitation ‚Ä¶ [+3033 chars]",https://www.courrierinternational.com/article/vu-du-burkina-faso-les-elections-municipales-au-togo-un-test-pour-le-pouvoir-en-place_233225,https://focus.courrierinternational.com/2025/07/17/0/4/4920/3280/1200/630/60/0/bcc7b42_upload-1-v4iz9qbtpepf-faure.jpg,2025-07-17T09:58:34Z,Courrier International,,article
1m3550j,Raving in the Midwest is not for the Weak,,"I am sure we are all counting our lucky stars right now that EF was so perfect weather wise. It was my first festival ever and my campsite blew away, but I cannot and will not complain. I would rather my campsite blow away 10 times then pay for a festival and then get rained out. 

I live super close to EF and it was such a blast that it will be a yearly tradition for now on, since I have the locational privilege to chance it. I would like to try to add a couple more festivals to my schedule. 

I was thinking Lost Lands for sure, but now I am feeling the urge to branch out and find fests that are in climates where the weather does not vary so much. Maybe Burning Man? Yes, I know they had the tragedy in 2023 but that seems more like an extreme exception for being in the desert‚Ä¶right? Help a baby raver out with some recommendations ü´∂üèΩ",https://www.reddit.com/r/ElectricForest/comments/1m3550j/raving_in_the_midwest_is_not_for_the_weak/,,2025-07-18T15:19:48,Reddit,https://www.reddit.com,post
1m353lx,Climate change brings more intense rain to Cleveland: What records show,,,https://www.reddit.com/r/Cleveland/comments/1m353lx/climate_change_brings_more_intense_rain_to/,,2025-07-18T15:18:17,Reddit,https://www.reddit.com,post
1m352vd,"July 18, 1768 - The Boston Gazette publishes (the) ""Liberty Song,"" America's first patriotic song...",,https://www.americanrevolution.org/the-liberty-song,https://www.reddit.com/r/peaceloveandhistory/comments/1m352vd/july_18_1768_the_boston_gazette_publishes_the/,,2025-07-18T15:17:28,Reddit,https://www.reddit.com,post
1m352de,Superhuman Babymaker 2 Tire Blowout,,"I'm not sure why they went with this style wheel/rim and tire but on the second ride with this bike, I tried avoiding a pothole buy ended up hitting my back tire on the edge of it and BLAMO all the air was out of the tire. 

I ended up buying some Continental Gatorskin tires so they might have a little better chance to tackle the terrain but yeah this bike is for the streets not some climate controlled indoor track. ",https://www.reddit.com/r/ebikes/comments/1m352de/superhuman_babymaker_2_tire_blowout/,https://i.redd.it/e2zox4p7gndf1.jpeg,2025-07-18T15:16:57,Reddit,https://www.reddit.com,post
9128b12df35007692878b44f2d75dc47,,"Les vacances continuent pour les Beckham. Brooklyn et sa femme Nicola Peltz ont √©t√© aper√ßus en pleine s√©ance shopping dans les rues de Saint-Tropez ce mardi 15 juillet. 
Les tourtereaux, d√©j√† aper√ßus descendant de leur yacht il y a une semaine, semblent profiter de la douceur du climat varois, tand",,https://www.varmatin.com/people/brooklyn-beckham-et-sa-femme-nicola-peltz-continuent-a-vivre-la-dolce-vita-a-saint-tropez-994650,,,,,
,,"Le risque d‚Äôincendies √©volue d‚Äôann√©e¬†en ann√©e¬†avec la modification du climat. La moiti√© sud de la France n‚Äôest d√©sormais plus la seule concern√©e par cette menace¬†: quelles seront les r√©gions touch√©es dans un futur proche, et plus lointain¬†?",,https://www.futura-sciences.com/planete/actualites/incendie-ce-quannonce-meteo-france-2030-2050-2100-pays-vous-ne-reconnaitrez-plus-123845/,,,,,
